t(s),RU(S1),N2(S1),N(S1),H(S1),NH3(S1),NH2(S1),NH(S1),N2(S2),N(S2),H(S2),NH3(S2),NH2(S2),NH(S2),RU(S2)
0.000000e+00,1.000000e+00,0.000000e+00,0.000000e+00,0.000000e+00,0.000000e+00,0.000000e+00,0.000000e+00,0.000000e+00,0.000000e+00,0.000000e+00,0.000000e+00,0.000000e+00,0.000000e+00,1.000000e+00
5.000000e+01,6.558345e-01,6.916740e-05,3.248372e-01,1.894132e-02,9.150036e-07,1.165758e-06,3.156740e-04,0.000000e+00,0.000000e+00,0.000000e+00,0.000000e+00,0.000000e+00,0.000000e+00,1.000000e+00
