t(s),Temperature(K),Pressure(Pa),Density(kg/m3),U(J/kg)
0.000000e+00,9.500000e+02,1.013250e+05,2.184680e-01,-5.321786e+05
5.000000e+01,9.500000e+02,1.013250e+05,1.715117e-01,-4.434874e+03
