t(s),RU(S1),N2(S1),N(S1),H(S1),NH3(S1),NH2(S1),NH(S1),N2(S2),N(S2),H(S2),NH3(S2),NH2(S2),NH(S2),RU(S2)
0.000000e+00,1.000000e+00,0.000000e+00,0.000000e+00,0.000000e+00,0.000000e+00,0.000000e+00,0.000000e+00,0.000000e+00,0.000000e+00,0.000000e+00,0.000000e+00,0.000000e+00,0.000000e+00,1.000000e+00
5.000000e+01,6.660307e-01,7.483041e-05,3.088831e-01,2.464880e-02,6.354118e-07,1.233013e-06,3.607183e-04,0.000000e+00,0.000000e+00,0.000000e+00,0.000000e+00,0.000000e+00,0.000000e+00,1.000000e+00
