t(s),Temperature(K),Pressure(Pa),Density(kg/m3),U(J/kg)
0.000000e+00,9.000000e+02,1.013250e+05,2.306051e-01,-6.780116e+05
5.000000e+01,9.000000e+02,1.013250e+05,2.094259e-01,-4.472819e+05
