t(s),RU(S1),N2(S1),N(S1),H(S1),NH3(S1),NH2(S1),NH(S1),N2(S2),N(S2),H(S2),NH3(S2),NH2(S2),NH(S2),RU(S2)
0.000000e+00,1.000000e+00,0.000000e+00,0.000000e+00,0.000000e+00,0.000000e+00,0.000000e+00,0.000000e+00,0.000000e+00,0.000000e+00,0.000000e+00,0.000000e+00,0.000000e+00,0.000000e+00,1.000000e+00
5.000000e+01,6.563032e-01,5.177975e-05,3.271778e-01,1.619070e-02,9.733311e-07,8.963133e-07,2.746640e-04,0.000000e+00,0.000000e+00,0.000000e+00,0.000000e+00,0.000000e+00,0.000000e+00,1.000000e+00
