t(s),Temperature(K),Pressure(Pa),Density(kg/m3),U(J/kg)
0.000000e+00,9.250000e+02,9.119250e+04,2.019353e-01,-6.062028e+05
5.000000e+01,9.250000e+02,9.119250e+04,1.674665e-01,-1.698691e+05
